Country Name,URL,Attraction 1,Attraction 2,Attraction 3,Attraction 4,Attraction 1 Picture,Attraction 2 Picture,Attraction 3 Picture,Attraction 4 Picture
Aruba,https://www.thecrazytourist.com/15-best-things-aruba/,1. Enjoy the sands of Eagle Beach,2. Gasp at the Natural Pool,3. Have a splash at Palm Beach,4. Try your luck on the tables of the Stellaris Casino,https://cdn.thecrazytourist.com/wp-content/uploads/2016/08/Eagle-Beach-Aruba.jpg,https://cdn.thecrazytourist.com/wp-content/uploads/2016/08/Natural-Pool-Aruba.jpg,https://cdn.thecrazytourist.com/wp-content/uploads/2016/08/Palm-Beach.jpg,https://cdn.thecrazytourist.com/wp-content/uploads/2016/08/Stellaris-Casino.jpg
Angola,https://www.thecrazytourist.com/15-best-places-to-visit-in-angola/,1. Luanda,2. Kissama,3. The Tunda Vala Fissure,4. Dilolo Lake,https://cdn.thecrazytourist.com/wp-content/uploads/2016/03/Porto-de-Luanda.jpg,https://cdn.thecrazytourist.com/wp-content/uploads/2016/03/Kissama-National-Park-scaled.jpg,https://cdn.thecrazytourist.com/wp-content/uploads/2016/03/Tunda-Vala-Volcanic-Fissure-1024x768.jpg,https://cdn.thecrazytourist.com/wp-content/uploads/2016/03/Dilolo-Lake-1024x768.jpg
Albania,https://www.thecrazytourist.com/15-best-places-to-visit-in-albania/,1. Albanian Riviera,2. Tirana,3. Llogara Pass,4. Berat,https://cdn.thecrazytourist.com/wp-content/uploads/2016/02/Himara-beach-Albania.jpg,https://cdn.thecrazytourist.com/wp-content/uploads/2016/02/Main-Square-of-Tirana-Albania.jpg,https://cdn.thecrazytourist.com/wp-content/uploads/2016/02/Llogara-Pass.jpg,https://cdn.thecrazytourist.com/wp-content/uploads/2016/02/Berat-Albania.jpg
Argentina,https://www.thecrazytourist.com/15-best-places-visit-argentina/,1. Buenos Aires,2. Cordoba,3. San Antonio de Areco,4. Mendoza,https://cdn.thecrazytourist.com/wp-content/uploads/2016/08/Buenos-Aires-1.jpg,https://cdn.thecrazytourist.com/wp-content/uploads/2016/08/Cordoba-Argentina.jpg,https://cdn.thecrazytourist.com/wp-content/uploads/2016/08/San-Antonio-de-Areco-1024x760.jpg,https://cdn.thecrazytourist.com/wp-content/uploads/2016/08/Mendoza.jpg
Armenia,https://www.thecrazytourist.com/15-best-places-to-visit-in-armenia/,1. Yerevan,2. Shikahogh State Reserve,3. Lake Sevan,4. Dilijan national park,https://cdn.thecrazytourist.com/wp-content/uploads/2016/03/Yerevan-Armenia.jpg,https://cdn.thecrazytourist.com/wp-content/uploads/2016/03/Shikahogh-State-Reserve.jpg,https://cdn.thecrazytourist.com/wp-content/uploads/2016/03/Sevanavank-Monastery-Sevan-Lake.jpg,https://cdn.thecrazytourist.com/wp-content/uploads/2016/03/Dilijan-national-park-1024x682.jpg
Antigua and Barbuda,https://www.thecrazytourist.com/15-best-things-antigua-barbuda/,1. Take in the history at Nelson’s Dockyard,2. Swim with the stingrays at Stingray City,3. Enjoy the views from Shirley Heights Lookout,4. Betty’s Hope: an historic plantation,https://cdn.thecrazytourist.com/wp-content/uploads/2016/08/Nelson%E2%80%99s-Dockyard.jpg,https://cdn.thecrazytourist.com/wp-content/uploads/2016/08/Stingray-City.jpg,https://cdn.thecrazytourist.com/wp-content/uploads/2016/08/View-from-Shirley-Heights.jpg,https://cdn.thecrazytourist.com/wp-content/uploads/2016/08/Betty%E2%80%99s-Hope.jpg
Australia,https://www.thecrazytourist.com/15-best-places-visit-australia/,1. Sydney,2. Canberra,3. Brisbane,4. Byron Bay and Nimbin,https://cdn.thecrazytourist.com/wp-content/uploads/2016/12/Sydney.jpg,https://cdn.thecrazytourist.com/wp-content/uploads/2017/01/the-National-Gallery-of-Australia.jpg,https://cdn.thecrazytourist.com/wp-content/uploads/2017/01/Brisbane.jpg,https://cdn.thecrazytourist.com/wp-content/uploads/2017/01/Byron-Bay.jpg
Austria,https://www.thecrazytourist.com/25-best-things-austria/,1. Visit the Hofburg,2. Trek the Krimmler Ache,3. Browse in Admont Abbey Library,4. Watch a show at the Spanish Riding School,https://cdn.thecrazytourist.com/wp-content/uploads/2017/04/Hofburg.jpg,https://cdn.thecrazytourist.com/wp-content/uploads/2017/04/Krimmler-Ache.jpg,https://cdn.thecrazytourist.com/wp-content/uploads/2017/04/Admont-Abbey-Library-1024x744.jpg,https://cdn.thecrazytourist.com/wp-content/uploads/2017/04/Spanish-Riding-School.jpg
Azerbaijan,https://www.thecrazytourist.com/15-best-places-visit-azerbaijan/,1. Baku,2. Icheri Seher,3. Absheron National Park,4. Garasu Volcano,https://cdn.thecrazytourist.com/wp-content/uploads/2016/04/Baku-Azerbaijan.jpg,https://cdn.thecrazytourist.com/wp-content/uploads/2016/04/Icheri-Seher-1024x808.jpg,https://cdn.thecrazytourist.com/wp-content/uploads/2016/04/Absheron-National-Park.jpg,https://cdn.thecrazytourist.com/wp-content/uploads/2016/04/Mud-Volcano-1024x576.jpg
Belgium,https://www.thecrazytourist.com/top-25-things-to-do-in-belgium/,1. Taste the wide variety of craft beers,2. Eat some of the tasty Belgian Chocolate,3. Enjoy a Belgian Waffle,4. A canal cruise in Bruges,https://cdn.thecrazytourist.com/wp-content/uploads/2018/05/ccimage-shutterstock_212136922.jpg,https://cdn.thecrazytourist.com/wp-content/uploads/2018/05/ccimage-shutterstock_623234279.jpg,https://cdn.thecrazytourist.com/wp-content/uploads/2018/05/ccimage-shutterstock_579913366.jpg,https://cdn.thecrazytourist.com/wp-content/uploads/2018/05/ccimage-shutterstock_180241331.jpg
Burkina Faso,https://www.thecrazytourist.com/15-best-places-to-visit-in-burkina-faso/,1. Ouagadougou,2. Bobo-Dioulasso,3. Banfora,4. Gorom Gorom,https://cdn.thecrazytourist.com/wp-content/uploads/2016/03/Ouagadougou-Burkina-Faso.jpg,https://cdn.thecrazytourist.com/wp-content/uploads/2016/03/Bobo-Dioulasso-Burkina-Faso.jpg,https://cdn.thecrazytourist.com/wp-content/uploads/2016/03/Banfora.jpg,https://cdn.thecrazytourist.com/wp-content/uploads/2016/03/Market-in-Gorom-Gorom-Burkina-Faso.jpg
Bangladesh,https://www.thecrazytourist.com/15-best-places-visit-bangladesh/,1. Cox’s Bazar,2. The Sundarbans,3. Dhaka,4. Srimangal,https://cdn.thecrazytourist.com/wp-content/uploads/2017/03/Cox%E2%80%99s-Bazar-1024x713.jpg,https://cdn.thecrazytourist.com/wp-content/uploads/2017/03/The-Sundarbans.jpg,https://cdn.thecrazytourist.com/wp-content/uploads/2017/03/Dhaka.jpg,https://cdn.thecrazytourist.com/wp-content/uploads/2017/03/Srimangal.jpg
Bulgaria,https://www.thecrazytourist.com/15-best-places-visit-bulgaria/,1. Varna,2. Veliko Tarnovo,3. Sofia,4. Zheravna,https://cdn.thecrazytourist.com/wp-content/uploads/2016/03/Varna-Bulgaria.jpg,https://cdn.thecrazytourist.com/wp-content/uploads/2016/03/Veliko-Tarnovo.jpg,https://cdn.thecrazytourist.com/wp-content/uploads/2016/03/Aleksandur-Nevski-Cathedral-Sofia-Bulgaria.jpg,https://cdn.thecrazytourist.com/wp-content/uploads/2016/03/Zheravna.jpg
Bahrain,https://www.thecrazytourist.com/15-best-places-visit-bahrain/,1. Manama,2. Riffa,3. Juffair,4. Amwaj Island,https://cdn.thecrazytourist.com/wp-content/uploads/2017/02/Bahrain-National-Museum.jpg,https://cdn.thecrazytourist.com/wp-content/uploads/2017/02/Riffa.jpg,https://cdn.thecrazytourist.com/wp-content/uploads/2017/02/Juffair.jpg,https://cdn.thecrazytourist.com/wp-content/uploads/2017/02/Amwaj-Island.jpg
"Bahamas, The",https://www.thecrazytourist.com/15-best-things-bahamas/,1. Enjoy Caribbean beauty on Pink Sands Beach,2. Swim with dolphins on Blue Lagoon Island,3. Ride the slides at Paradise Island Water Park,4. Go beachcombing and caving in the Lucayan National Park,https://cdn.thecrazytourist.com/wp-content/uploads/2016/08/Pink-Sands-Beach.jpg,https://cdn.thecrazytourist.com/wp-content/uploads/2016/08/Dolphins-at-Blue-Lagoon-Island.jpg,https://cdn.thecrazytourist.com/wp-content/uploads/2016/08/Paradise-Island-Water-Park-1024x683.jpg,https://cdn.thecrazytourist.com/wp-content/uploads/2016/08/Lucayan-National-Park.jpg
Bosnia and Herzegovina,https://www.thecrazytourist.com/15-best-places-visit-bosnia-herzegovina/,1. Travnik,2. Jahorina,3. Sarajevo,4. Trebinje,https://cdn.thecrazytourist.com/wp-content/uploads/2016/03/Travnik-Castle.jpg,https://cdn.thecrazytourist.com/wp-content/uploads/2016/03/Jahorina-Bosnia-and-Herzegovina.jpg,https://cdn.thecrazytourist.com/wp-content/uploads/2016/03/Sarajevo-Bosnia-and-Herzegovina-1.jpg,https://cdn.thecrazytourist.com/wp-content/uploads/2016/03/Trebinje-Bosnia-and-Herzegovina.jpg
Belize,https://www.planetware.com/tourist-attractions/belize-biz.htm,1. Ambergris Caye & Hol Chan Marine Reserve,2. Lighthouse Reef Atoll and the Blue Hole,3. Placencia Peninsula,4. Turneffe Islands Atoll,https://www.planetware.com/photos-large/BIZ/belize-keel-billed-toucan.jpg,https://www.planetware.com/photos-large/BIZ/belize-ambergris-caye.jpg,https://www.planetware.com/photos-large/BIZ/belize-lighthouse-reef-atoll.jpg,https://www.planetware.com/photos-large/BIZ/belize-placencia.jpg
Bermuda,https://www.thecrazytourist.com/15-best-things-bermuda/,1. Wonder at the beauty of Horseshoe Bay Beach,2. Sample the energy of Hamilton,3. Hike the Railway Trail,4. Head for a round of golf,https://cdn.thecrazytourist.com/wp-content/uploads/2016/08/Horseshoe-Bay-Beach-Bermuda.jpg,https://cdn.thecrazytourist.com/wp-content/uploads/2016/08/Hamilton-Bermuda.jpg,https://cdn.thecrazytourist.com/wp-content/uploads/2016/08/Railway-Trail.jpg,https://cdn.thecrazytourist.com/wp-content/uploads/2016/08/Port-Royal-Golf-Course.png
Bolivia,https://theculturetrip.com/south-america/bolivia/articles/20-must-visit-attractions-in-bolivia/,,,,,,,,
Brazil,https://www.thecrazytourist.com/15-best-places-visit-brazil/,1. Rio de Janeiro,2. Salvador,3. São Paulo State,4. Sao Paulo City,https://cdn.thecrazytourist.com/wp-content/uploads/2016/04/Rio-de-Janeiro-Brazil.jpg,https://cdn.thecrazytourist.com/wp-content/uploads/2016/04/Salvador-Brazil.jpg,https://cdn.thecrazytourist.com/wp-content/uploads/2016/04/Ilhabela-Brazil.jpg,https://cdn.thecrazytourist.com/wp-content/uploads/2016/04/S%C3%A3o-Paulo-1.jpg
Barbados,https://www.thecrazytourist.com/15-best-things-barbados/,1. See the cliffs and waves of Bathsheba Beach,2. Stroll around historic Bridgetown,3. Relax in the midst of Hunte’s Gardens,4. See a heritage wonder at St. Nicholas Abbey,https://cdn.thecrazytourist.com/wp-content/uploads/2016/08/Bathsheba-Beach-Barbados.jpg,https://cdn.thecrazytourist.com/wp-content/uploads/2016/08/Bridgetown-Barbados-1024x680.jpg,https://cdn.thecrazytourist.com/wp-content/uploads/2016/08/Huntes-Gardens.jpg,https://cdn.thecrazytourist.com/wp-content/uploads/2016/08/St.-Nicholas-Abbey.jpg
Bhutan,https://www.thecrazytourist.com/15-best-places-visit-bhutan/,1. Taktsang,2. Paro,3. Trongsa,4. Thimphu,https://cdn.thecrazytourist.com/wp-content/uploads/2017/02/Tigers-Nest-of-the-Paro-Valley..jpg,https://cdn.thecrazytourist.com/wp-content/uploads/2017/02/Rinpung-Dzong.jpg,https://cdn.thecrazytourist.com/wp-content/uploads/2017/02/Trongsa-Dzong.jpg,https://cdn.thecrazytourist.com/wp-content/uploads/2017/02/Changangkha-Lhakhang-.jpg
Central African Republic,https://www.thecrazytourist.com/15-best-places-visit-central-african-republic/,1. Bangui,2. Zinga,3. Manovo-Gounda St Floris National Park,4. Dzanga-Ndoki National Park,https://cdn.thecrazytourist.com/wp-content/uploads/2016/04/Bangui-Center-1024x570.jpg,https://cdn.thecrazytourist.com/wp-content/uploads/2016/04/Zinga.jpg,https://cdn.thecrazytourist.com/wp-content/uploads/2016/04/Manovo-Gounda-St-Floris-National-Park.jpg,https://cdn.thecrazytourist.com/wp-content/uploads/2016/04/Dzanga-Ndoki-National-Park.jpg
Canada,https://www.thecrazytourist.com/top-25-things-to-do-and-see-in-canada/,1. Banff National Park – Alberta,2. Cypress Hills – Saskatchewan/Alberta,3. Wolf Lake – Yukon,4. Fernie – British Columbia,https://cdn.thecrazytourist.com/wp-content/uploads/2018/07/ccimage-shutterstock_310918496.jpg,https://cdn.thecrazytourist.com/wp-content/uploads/2018/07/ccimage-shutterstock_1119363137.jpg,https://cdn.thecrazytourist.com/wp-content/uploads/2015/09/Wolf-Lake-Yukon-1024x768.jpg,https://cdn.thecrazytourist.com/wp-content/uploads/2018/07/ccimage-shutterstock_610345325.jpg
China,https://www.thecrazytourist.com/15-best-places-visit-china/,1. Shanghai,2. Beijing,3. Hong Kong,4. Guilin,https://cdn.thecrazytourist.com/wp-content/uploads/2017/03/Shanghai.jpg,https://cdn.thecrazytourist.com/wp-content/uploads/2017/03/Forbidden-City-Beijing.jpg,https://cdn.thecrazytourist.com/wp-content/uploads/2017/03/Hong-Kong.jpg,https://cdn.thecrazytourist.com/wp-content/uploads/2017/03/Guilin.jpg
Colombia,https://www.planetware.com/tourist-attractions/colombia-col.htm,1. Cartagena,2. Medellin,3. Eje Cafetero,4. Leticia,https://www.planetware.com/photos-large/COL/colombia-cartagena-overview.jpg,https://www.planetware.com/photos-large/COL/colombia-medellin-skyline.jpg,https://www.planetware.com/photos-large/COL/colombia-salento-cocora-valley-eje-cafetero.jpg,https://www.planetware.com/photos-large/COL/colombia-amazon-leticia-squirrel-monkeys.jpg
Comoros,https://www.thecrazytourist.com/10-best-places-visit-comoros/,1. Mohéli,2. Fomboni,3. Anjouan,4. Grande Comore,https://cdn.thecrazytourist.com/wp-content/uploads/2016/06/Moh%C3%A9li-Comoros.jpg,https://cdn.thecrazytourist.com/wp-content/uploads/2016/06/Fomboni.jpg,https://cdn.thecrazytourist.com/wp-content/uploads/2016/06/Anjouan-Comoros.jpg,https://cdn.thecrazytourist.com/wp-content/uploads/2016/06/Grande-Comore.jpg
Cabo Verde,https://www.thecrazytourist.com/15-best-places-visit-cape-verde/,1. Fogo,2. Sal,3. Palmeira,4. Santa Maria,https://cdn.thecrazytourist.com/wp-content/uploads/2016/04/Fogo-Cape-Verde-1024x550.jpg,https://cdn.thecrazytourist.com/wp-content/uploads/2016/04/Santa-Maria-Sal-Cape-Verde.jpg,https://cdn.thecrazytourist.com/wp-content/uploads/2016/04/Palmeira-Cape-Verde.jpg,https://cdn.thecrazytourist.com/wp-content/uploads/2016/04/Santa-Maria-Cape-verde.jpg
Costa Rica,https://www.planetware.com/tourist-attractions/costa-rica-crc.htm,1. Manuel Antonio National Park,2. Arenal Volcano (Volcan Arenal),3. Monteverde and the Cloud Forests,4. Tamarindo,https://www.planetware.com/wpimages/2021/11/costa-rica-tourist-attractions-manuel-antonio-town-beach.jpg,https://www.planetware.com/photos-large/CRC/costa-rica-manuel-antonio.jpg,https://www.planetware.com/photos-large/CRC/costa-rica-arenal-volcano.jpg,https://www.planetware.com/photos-large/CRC/costa-rica-monteverde-cloud-forest.jpg
Cuba,https://www.thecrazytourist.com/15-best-things-cuba/,1. Stroll the Havana Malecon,2. Wander the streets of Old Havana,3. Wonder at the works in the Museo Nacional de Bellas Artes,4. Keep company with a national hero at the Che Guevara Mausoleum,https://cdn.thecrazytourist.com/wp-content/uploads/2016/08/Malecon-Havana.jpg,https://cdn.thecrazytourist.com/wp-content/uploads/2016/08/La-Habana-Vieja.jpg,https://cdn.thecrazytourist.com/wp-content/uploads/2016/08/Museo-Nacional-de-Bellas-Artes.jpg,https://cdn.thecrazytourist.com/wp-content/uploads/2016/08/Che-Guevara-Mausoleum.jpg
Curacao,https://www.thecrazytourist.com/15-best-things-curacao/,1. Witness natural wonders in the Christoffel National Park,2. Wander through the Otrobanda and Punda at Willemstad,3. Delve into island history at the Savonet Museum,4. Attend the Curaçao Carnival,https://cdn.thecrazytourist.com/wp-content/uploads/2016/09/Christoffel-National-Park.jpg,https://cdn.thecrazytourist.com/wp-content/uploads/2016/09/Punda.jpg,https://cdn.thecrazytourist.com/wp-content/uploads/2016/09/Savonet-Museum.jpg,https://cdn.thecrazytourist.com/wp-content/uploads/2016/09/Cura%C3%A7ao-Carnival.jpg
Cayman Islands,https://www.thecrazytourist.com/15-best-things-cayman-islands/,1. Enjoy seven miles of sand on Seven Mile Beach,2. Join the millionaires in George Town,3. Cayman Spirits Co. Distillery: bespoke rum at its best,4. Check-off the bucket list at Stingray City,https://cdn.thecrazytourist.com/wp-content/uploads/2016/08/Seven-Mile-Beach-Cayman-Islands.jpg,https://cdn.thecrazytourist.com/wp-content/uploads/2016/08/George-Town-Cayman-Islands.jpg,https://cdn.thecrazytourist.com/wp-content/uploads/2016/08/Cayman-Spirits-Co.-Distillery.jpg,https://cdn.thecrazytourist.com/wp-content/uploads/2016/08/Stingray-City-Cayman-Islands.jpg
Cyprus,https://www.thecrazytourist.com/15-best-places-visit-cyprus/,1. Paphos,2. Pissouri,3. Akamas Peninsula National Park,4. Larnaka,https://cdn.thecrazytourist.com/wp-content/uploads/2016/03/Paphos-Cyprus.jpg,https://cdn.thecrazytourist.com/wp-content/uploads/2016/03/Pissouri-Bay.jpg,https://cdn.thecrazytourist.com/wp-content/uploads/2016/03/Akamas-Peninsula-National-Park-Cyprus.jpg,https://cdn.thecrazytourist.com/wp-content/uploads/2016/03/Larnaka-Cyprus.jpg
Germany,https://www.thecrazytourist.com/top-25-things-to-do-in-germany/,"1. Hohenschwangau, southwest Bavaria: Neuschwanstein Castle (Schloss Neuschwanstein)",2. Berlin: Berlin Wall,3. Berlin: Erholungspark Marzahn,4. Berchtesgaden: Berchtesgaden National Park,https://cdn.thecrazytourist.com/wp-content/uploads/2017/11/ccimage-shutterstock_579441223.jpg,https://cdn.thecrazytourist.com/wp-content/uploads/2018/05/ccimage-shutterstock_174599456.jpg,https://cdn.thecrazytourist.com/wp-content/uploads/2018/05/ccimage-shutterstock_153316658.jpg,https://cdn.thecrazytourist.com/wp-content/uploads/2018/05/ccimage-shutterstock_186606470.jpg
Dominica,https://www.planetware.com/tourist-attractions/dominica-dmn.htm,1. Morne Trois Pitons National Park,2. Boiling Lake,3. Victoria Falls,4. Trafalgar Falls,https://www.planetware.com/wpimages/2020/08/dominica-top-attractions-intro-paragraph-village.jpg,https://www.planetware.com/photos-large/DMN/dominica-waterfall.jpg,https://www.planetware.com/photos-large/DMN/boiling-lake-dominica.jpg,https://www.planetware.com/photos-large/DMN/victoria-waterfall-dominica.jpg
Dominican Republic,https://www.thecrazytourist.com/15-best-things-dominican-republic/,1. Roam the Zona Colonial of Santo Domingo,2. Sample luxury in Punta Cana,3. Get a feel for the Med in Altos de Chavon,4. Go full ecotourist in Los Haitises,https://cdn.thecrazytourist.com/wp-content/uploads/2016/08/Santo-Domingo-Catedral-de-Santa-Maria-la-Menor.jpg,https://cdn.thecrazytourist.com/wp-content/uploads/2016/08/Punta-Cana.jpg,https://cdn.thecrazytourist.com/wp-content/uploads/2016/08/Altos-de-Chavon.jpg,https://cdn.thecrazytourist.com/wp-content/uploads/2016/08/Los-Haitises-National-Park.jpg
Algeria,https://www.thecrazytourist.com/15-best-places-to-visit-in-algeria/,1. Algiers,2. Atakor,3. Tamanrasset,4. Oran,https://cdn.thecrazytourist.com/wp-content/uploads/2016/03/Algiers-Algeria.jpg,https://cdn.thecrazytourist.com/wp-content/uploads/2016/03/Ahaggar-National-Park-1024x512.jpg,https://cdn.thecrazytourist.com/wp-content/uploads/2016/03/Tamanrasset.jpg,https://cdn.thecrazytourist.com/wp-content/uploads/2016/03/Oran-Algeria.jpg
Ecuador,https://www.thecrazytourist.com/15-best-places-visit-ecuador/,1. Quito,2. Canoa,3. Montanita,4. Cotopaxi,https://cdn.thecrazytourist.com/wp-content/uploads/2016/08/Quito-Ecuador.jpg,https://cdn.thecrazytourist.com/wp-content/uploads/2016/08/Canoa-Ecuador.jpg,https://cdn.thecrazytourist.com/wp-content/uploads/2016/08/Montanita-Ecuador.jpg,https://cdn.thecrazytourist.com/wp-content/uploads/2016/08/Cotopaxi-Ecuador.jpg
"Egypt, Arab Rep.",https://www.planetware.com/tourist-attractions/egypt-egy.htm,1. Pyramids of Giza,2. Luxor's Temples & Tombs,3. Cruising the Nile,4. Aswan,https://www.planetware.com/photos-large/EGY/egypt-cairo-pyramids-of-giza.jpg,https://www.planetware.com/photos-large/EGY/egypt-luxor-karnak-temple-at-night.jpg,https://www.planetware.com/wpimages/2018/12/egypt-top-tourist-attractions-nile-cruising.jpg,https://www.planetware.com/photos-large/EGY/egypt-aswan-nile-view.jpg
Spain,https://www.thecrazytourist.com/top-25-things-to-do-in-spain/,1. Granada: The Alhambra,2. Valencia: City of the Arts and Sciences (Ciudad de las Artes y las Ciencias),3. Balearic Islands,4. Toledo (Provincia de Toledo),https://cdn.thecrazytourist.com/wp-content/uploads/2018/06/ccimage-shutterstock_712559101.jpg,https://cdn.thecrazytourist.com/wp-content/uploads/2018/06/ccimage-shutterstock_13996525.jpg,https://cdn.thecrazytourist.com/wp-content/uploads/2018/06/ccimage-shutterstock_586562600.jpg,https://cdn.thecrazytourist.com/wp-content/uploads/2017/11/ccimage-shutterstock_362200070.jpg
Ethiopia,https://www.thecrazytourist.com/15-best-places-visit-ethiopia/,1. Danakil Depression,2. Lalibela,3. Harar,4. Babile Elephant Sanctuary,https://cdn.thecrazytourist.com/wp-content/uploads/2016/06/Danakil-Depression.jpg,https://cdn.thecrazytourist.com/wp-content/uploads/2016/06/Lalibela.jpg,https://cdn.thecrazytourist.com/wp-content/uploads/2016/06/Harar.jpg,https://cdn.thecrazytourist.com/wp-content/uploads/2016/06/Babile-Elephant-Sanctuary-1024x768.jpg
Finland,https://www.thecrazytourist.com/25-best-things-finland/,1. Meet Mr. and Mrs. Claus at SantaPark,2. Learn some history at Siida Museum,3. Dine at Restaurant Aanaar,4. Explore Olavinlinna,https://cdn.thecrazytourist.com/wp-content/uploads/2017/04/Santa-Claus-Village-1024x576.jpg,https://cdn.thecrazytourist.com/wp-content/uploads/2017/04/Siida-Museum-1024x683.jpg,https://cdn.thecrazytourist.com/wp-content/uploads/2017/04/Restaurant-Aanaar.jpg,https://cdn.thecrazytourist.com/wp-content/uploads/2017/04/Olavinlinna.jpg
Fiji,https://www.planetware.com/tourist-attractions/fiji-fj.htm,1. Blue Lagoon Cruise: Mamanuca and Yasawa Islands,"2. Cloudbreak, Mamanuca Islands","3. Bouma National Heritage Park, Taveuni Island",4. Denarau Island,https://www.planetware.com/photos-large/FJ/fiji-blue-lagoon-cruise.jpg,https://www.planetware.com/photos-large/FJ/fiji-cloudbreak.jpg,https://www.planetware.com/wpimages/2020/07/fiji-top-attractions-bouma-national-heritage-park-taveuni.jpg,https://www.planetware.com/wpimages/2020/07/fiji-top-attractions-denarau-island.jpg
United Kingdom,https://www.thecrazytourist.com/the-top-25-things-to-do-in-england/,1. London: Chinatown,2. Cambridge: Cambridge University,3. Cornwall: The Eden Project,4. Liverpool: Maritime Mercantile City,https://cdn.thecrazytourist.com/wp-content/uploads/2018/05/ccimage-shutterstock_380810854.jpg,https://cdn.thecrazytourist.com/wp-content/uploads/2018/05/ccimage-shutterstock_304197104.jpg,https://cdn.thecrazytourist.com/wp-content/uploads/2018/05/ccimage-shutterstock_463800902.jpg,https://cdn.thecrazytourist.com/wp-content/uploads/2018/05/ccimage-shutterstock_276380318.jpg
Georgia,https://www.thecrazytourist.com/15-best-places-visit-georgia/,1. Tusheti National Park,2. Tbilisi,3. Borjomi,4. Vardzia,https://cdn.thecrazytourist.com/wp-content/uploads/2016/03/Tusheti-National-Park-Georgia-scaled.jpg,https://cdn.thecrazytourist.com/wp-content/uploads/2016/03/Tbilisi-Georgia.jpg,https://cdn.thecrazytourist.com/wp-content/uploads/2016/03/Borjomi-Georgia.jpg,https://cdn.thecrazytourist.com/wp-content/uploads/2016/03/Vardzia-Georgia.jpg
"Gambia, The",https://www.thecrazytourist.com/15-best-places-visit-gambia/,1. Abuko Nature Reserve,2. Banjul,3. The Albert Market,4. Old Town,https://cdn.thecrazytourist.com/wp-content/uploads/2016/07/Abuko-Nature-Reserve.jpg,https://cdn.thecrazytourist.com/wp-content/uploads/2016/07/Banjul.jpg,https://cdn.thecrazytourist.com/wp-content/uploads/2016/07/The-Albert-Market.jpg,https://cdn.thecrazytourist.com/wp-content/uploads/2016/07/Old-Town.jpg
Grenada,https://www.thecrazytourist.com/15-best-things-grenada/,1. Tate the tipples of the River Antoine Rum Distillery,2. Enjoy picture-perfect Grand Anse Beach,3. Hike into the Grand Etang National Park,4. Enjoy a local BBQ at Roger’s Barefoot Beach Bar,https://cdn.thecrazytourist.com/wp-content/uploads/2016/08/River-Antoine-Rum-Distillery-1024x680.jpg,https://cdn.thecrazytourist.com/wp-content/uploads/2016/08/Grand-Anse-Beach.jpg,https://cdn.thecrazytourist.com/wp-content/uploads/2016/08/Crater-Lake-Grand-Etang-Nature-Reserve-Grenada.jpg,https://cdn.thecrazytourist.com/wp-content/uploads/2016/08/Rogers-Barefoot-Beach-Bar.jpg
Guatemala,https://www.planetware.com/tourist-attractions/guatemala-gua.htm,1. Mayan Ruins of Tikal,2. Antigua Guatemala,3. Lake Atitlán (Lago de Atitlán),4. Chichicastenango Market,https://www.planetware.com/photos-large/GUA/guatemala-tikal-ruins.jpg,https://www.planetware.com/photos-large/GUA/guatemala-antigua-0.jpg,https://www.planetware.com/photos-large/GUA/guatemala-lake-atitlan.jpg,https://www.planetware.com/photos-large/GUA/guatemala-chichicastenango.jpg
Guam,https://theculturetrip.com/pacific/guam/articles/the-top-10-things-to-see-and-do-in-guam/,,,,,,,,
Guyana,https://www.thecrazytourist.com/15-best-places-visit-guyana/,1. Georgetown,2. Linden,3. Kanuku Mountains,4. Bartica,https://cdn.thecrazytourist.com/wp-content/uploads/2016/08/Georgetown-Guyana.jpg,https://cdn.thecrazytourist.com/wp-content/uploads/2016/08/Boat-selling-fruits-and-vegetables-Linden.jpg,https://cdn.thecrazytourist.com/wp-content/uploads/2016/08/Kanuku-Mountains.jpg,https://cdn.thecrazytourist.com/wp-content/uploads/2016/08/Bartica-Guyana-1024x768.jpg
"Hong Kong SAR, China",https://www.planetware.com/tourist-attractions/hong-kong-hk.htm,1. Star Ferry,2. Hong Kong Skyline,3. Victoria Peak (The Peak),4. Big Buddha (Tian Tan Buddha Statue),https://www.planetware.com/photos-large/HK/hong-kong-star-ferry-sailing.jpg,https://www.planetware.com/wpimages/2018/10/hong-kong-attractions-skyline-night-with-junk.jpg,https://www.planetware.com/wpimages/2018/10/hong-kong-attractions-victoria-peak-view-over-harbor.jpg,https://www.planetware.com/wpimages/2018/10/hong-kong-attractions-big-buddha-and-forest.jpg
Honduras,https://www.planetware.com/tourist-attractions/honduras-hon.htm,"1. Roatán, Bay Islands",2. Copán Ruins Archeological Site,"3. Utila, Bay Islands","4. Dolphin Encounter, Roatán Institute for Marine Sciences",https://www.planetware.com/photos-large/HON/honduras-roatan.jpg,https://www.planetware.com/photos-large/HON/honduras-copan.jpg,https://www.planetware.com/photos-large/HON/honduras-utila.jpg,https://www.planetware.com/photos-large/HON/honduras-dolphin-encounter.jpg
Croatia,https://www.thecrazytourist.com/15-best-places-visit-croatia/,1. Pula,2. Korcula Island,3. Dubrovnik,4. Zagreb,https://cdn.thecrazytourist.com/wp-content/uploads/2016/03/Pula-Croatia.jpg,https://cdn.thecrazytourist.com/wp-content/uploads/2016/03/Korcula-Island-Croatia.jpg,https://cdn.thecrazytourist.com/wp-content/uploads/2016/03/Dubrovnik-Croatia.jpg,https://cdn.thecrazytourist.com/wp-content/uploads/2016/03/Zagreb-Croatia.jpg
Haiti,https://www.thecrazytourist.com/15-best-things-haiti/,1. Scale the La Citadelle la Ferriere,2. Get your fix of art and craft at Jacmel,3. Go on Voodoo pilgrimage to Saut-d’Eau,4. Tour the Sans-Souci Palace,https://cdn.thecrazytourist.com/wp-content/uploads/2016/08/La-Citadelle-la-Ferriere.jpg,https://cdn.thecrazytourist.com/wp-content/uploads/2016/08/Jacmel-Bay.jpg,https://cdn.thecrazytourist.com/wp-content/uploads/2016/08/Saut-dEau.jpg,https://cdn.thecrazytourist.com/wp-content/uploads/2016/08/Sans-Souci-Palace.jpg
Hungary,https://www.thecrazytourist.com/25-best-things-hungary/,"1. Great Market Hall, Budapest","2. Dohány Street Synagogue, Budapest","3. Cave Bath, Miskolc-tapolca",4. Lake Balaton,https://cdn.thecrazytourist.com/wp-content/uploads/2017/08/Great-Market-Hall.jpg,https://cdn.thecrazytourist.com/wp-content/uploads/2017/08/Doh%C3%A1ny-Street-Synagogue.jpg,https://cdn.thecrazytourist.com/wp-content/uploads/2017/08/Cave-Bath.jpg,https://cdn.thecrazytourist.com/wp-content/uploads/2017/08/Lake-Balaton.jpg
Indonesia,https://www.thecrazytourist.com/top-25-things-to-do-in-indonesia/,1. Go surfing in Kuta,2. Visit Borobudur Temple,3. Sunbathe on Pulau Weh in Aceh,4. Eat Padang Food,https://cdn.thecrazytourist.com/wp-content/uploads/2018/08/ccimage-shutterstock_236644282.jpg,https://cdn.thecrazytourist.com/wp-content/uploads/2018/08/ccimage-shutterstock_500933200.jpg,https://cdn.thecrazytourist.com/wp-content/uploads/2018/08/ccimage-shutterstock_14272486.jpg,https://cdn.thecrazytourist.com/wp-content/uploads/2018/08/ccimage-shutterstock_546189148.jpg
India,https://www.planetware.com/india/best-places-to-visit-in-india-ind-1-26.htm,1. Agra,2. New Delhi,3. Mumbai,4. Rajasthan,https://www.planetware.com/wpimages/2019/11/india-best-places-to-visit-agra.jpg,https://www.planetware.com/wpimages/2019/11/india-best-places-to-visit-new-delhi.jpg,https://www.planetware.com/wpimages/2019/11/india-best-places-to-visit-mumbai.jpg,https://www.planetware.com/wpimages/2019/11/india-best-places-to-visit-rajasthan.jpg
Ireland,https://www.thecrazytourist.com/top-25-things-to-do-in-ireland/,1. Take a Cruise on the River Shannon,2. Explore Ancient Irish Castles,"3. Cliffs of Moher, County Clare","4. Kilmainham Gaol, Dublin",https://cdn.thecrazytourist.com/wp-content/uploads/2018/05/ccimage-shutterstock_796224253.jpg,https://cdn.thecrazytourist.com/wp-content/uploads/2018/05/ccimage-shutterstock_92630056.jpg,https://cdn.thecrazytourist.com/wp-content/uploads/2018/05/Cliffs-of-Moher.jpg,https://cdn.thecrazytourist.com/wp-content/uploads/2018/05/ccimage-shutterstock_176286884.jpg
"Iran, Islamic Rep.",https://www.thecrazytourist.com/15-best-places-visit-iran/,1. Esfahan,2. Shiraz,3. Tehran,4. Dizin,https://cdn.thecrazytourist.com/wp-content/uploads/2017/03/Naqsh-e-Jahan-Square-Esfahan.jpg,https://cdn.thecrazytourist.com/wp-content/uploads/2017/03/Nasir-al-Mulk-Mosque-Shiraz.jpg,https://cdn.thecrazytourist.com/wp-content/uploads/2017/03/Azadi-Tower-Tehran.jpg,https://cdn.thecrazytourist.com/wp-content/uploads/2017/03/Dizin.jpg
Iceland,https://www.thecrazytourist.com/25-best-things-iceland/,1. Visit Snæfellsjökull National Park,2. Admire the Dynjandi Waterfall,3. Go hiking at Hornstrandir Nature Reserve,4. Observe the Tectonic Plates,https://cdn.thecrazytourist.com/wp-content/uploads/2017/07/Sn%C3%A6fellsj%C3%B6kull-National-Park.jpg,https://cdn.thecrazytourist.com/wp-content/uploads/2017/07/Dynjandi-Waterfall.jpg,https://cdn.thecrazytourist.com/wp-content/uploads/2017/07/Hornstrandir-Nature-Reserve.jpg,https://cdn.thecrazytourist.com/wp-content/uploads/2017/07/Tectonic-Plates.jpg
Israel,https://www.planetware.com/tourist-attractions/israel-isr.htm,1. Jerusalem,2. Haifa,3. Nazareth,4. Jaffa,https://www.planetware.com/photos-large/ISR/israel-jerusalem-skyline.jpg,https://www.planetware.com/photos-large/ISR/israel-haifa-bahaii-gardens.jpg,https://www.planetware.com/photos-large/ISR/israel-nazareth-church-of-the-annunciation.jpg,https://www.planetware.com/photos-large/ISR/israel-jaffa-port-view.jpg
Italy,https://www.thecrazytourist.com/25-best-things-italy/,1. Visit the Valley of the Temples,2. Climb Mount Vesuvius,3. Cinque Terre,4. Take to the waters of Lake Como,https://cdn.thecrazytourist.com/wp-content/uploads/2017/08/Valley-of-the-Temples.jpg,https://cdn.thecrazytourist.com/wp-content/uploads/2017/08/Mount-Vesuvius.jpg,https://cdn.thecrazytourist.com/wp-content/uploads/2017/08/Cinque-Terre.jpg,https://cdn.thecrazytourist.com/wp-content/uploads/2017/08/Lake-Como.jpg
Jamaica,https://www.thecrazytourist.com/15-best-things-jamaica/,1. Bathe under the Dunn’s River Falls,2. Kick-back on Seven Mile Beach,3. Wonder at the pretty colonial styles of Devon House,4. Swim with the dolphin pods at Dolphin Cove,https://cdn.thecrazytourist.com/wp-content/uploads/2016/08/Dunns-River-Falls-Jamaica.jpg,https://cdn.thecrazytourist.com/wp-content/uploads/2016/08/Seven-Mile-Beach.jpg,https://cdn.thecrazytourist.com/wp-content/uploads/2016/08/Devon-House.jpg,https://cdn.thecrazytourist.com/wp-content/uploads/2016/08/Dolphin-Cove-Jamaica.jpg
Jordan,https://www.thecrazytourist.com/15-best-places-visit-jordan/,1. Petra,2. Al-Maghtas,3. Amman,4. Jerash,https://cdn.thecrazytourist.com/wp-content/uploads/2017/03/Petra.jpg,https://cdn.thecrazytourist.com/wp-content/uploads/2017/03/Al-Maghtas.jpg,https://cdn.thecrazytourist.com/wp-content/uploads/2017/03/Amman.jpg,https://cdn.thecrazytourist.com/wp-content/uploads/2017/03/Jerash.jpg
Japan,https://www.planetware.com/tourist-attractions/japan-jpn.htm,1. Mount Fuji,2. Imperial Tokyo,3. Hiroshima Peace Memorial Park,4. Historic Kyoto,https://www.planetware.com/photos-large/JPN/japan-attractions-mount-fuji.jpg,https://www.planetware.com/photos-large/JPN/japan-attractions-imperial-palace.jpg,https://www.planetware.com/photos-large/JPN/japan-attractions-hiroshima-peace-memorial-park.jpg,https://www.planetware.com/photos-large/JPN/japan-attractions-kyoto.jpg
Kazakhstan,,,,,,,,,
Kenya,https://www.thecrazytourist.com/15-best-places-visit-kenya/,1. Maasai Mara,2. Lamu Island,3. Amboseli National Park,4. Nairobi,https://cdn.thecrazytourist.com/wp-content/uploads/2016/09/Maasai-Mara.jpg,https://cdn.thecrazytourist.com/wp-content/uploads/2016/09/Lamu-Island.jpg,https://cdn.thecrazytourist.com/wp-content/uploads/2016/09/Amboseli-National-Park.jpg,https://cdn.thecrazytourist.com/wp-content/uploads/2016/09/Nairobi.jpg
Cambodia,https://www.thecrazytourist.com/15-best-places-visit-cambodia/,1. Angkor,2. Sihanoukville,3. Phnom Penh,4. Kratie,https://cdn.thecrazytourist.com/wp-content/uploads/2017/01/Angkor-Wat.jpg,https://cdn.thecrazytourist.com/wp-content/uploads/2017/01/Sihanoukville.jpg,https://cdn.thecrazytourist.com/wp-content/uploads/2017/01/Royal-Palace-.jpg,https://cdn.thecrazytourist.com/wp-content/uploads/2017/01/Kratie.jpg
St. Kitts and Nevis,https://www.thecrazytourist.com/15-best-things-st-kitts-nevis/,1. Make for the fortress on Brimstone Hill,2. Hike to the top of Mount Liamuiga,3. Find pure luxury on Oualie Beach,4. Gasp at the Black Rocks,https://cdn.thecrazytourist.com/wp-content/uploads/2016/08/Brimstone-Hill.jpg,https://cdn.thecrazytourist.com/wp-content/uploads/2016/08/Mount-Liamuiga.jpg,https://cdn.thecrazytourist.com/wp-content/uploads/2016/08/Oualie-Beach.jpg,https://cdn.thecrazytourist.com/wp-content/uploads/2016/08/Black-Rocks.jpg
"Korea, Rep.",https://www.planetware.com/south-korea/top-rated-tourist-attractions-in-south-korea-kor-1-4.htm,1. Changdeokgung Palace,2. Busan,3. Jeonju,4. N Seoul Tower,https://www.planetware.com/wpimages/2019/06/south-korea-top-tourist-attractions-changdeokgung-palace.jpg,https://www.planetware.com/wpimages/2019/06/south-korea-top-tourist-attractions-busan-gamecheon.jpg,https://www.planetware.com/wpimages/2019/06/south-korea-top-tourist-attractions-jeonju.jpg,https://www.planetware.com/wpimages/2019/06/south-korea-top-tourist-attractions-seoul-tower.jpg
Kuwait,,,,,,,,,
Lao PDR,https://www.thecrazytourist.com/15-best-places-visit-laos/,1. Vientiane,2. Luang Prabang,3. Vang Vieng,4. Huay Xai,https://cdn.thecrazytourist.com/wp-content/uploads/2018/01/ccimage-shutterstock_721612831.jpg,https://cdn.thecrazytourist.com/wp-content/uploads/2018/01/ccimage-shutterstock_444706201.jpg,https://cdn.thecrazytourist.com/wp-content/uploads/2018/01/ccimage-shutterstock_314095454.jpg,https://cdn.thecrazytourist.com/wp-content/uploads/2018/01/ccimage-shutterstock_345048239.jpg
Lebanon,https://theculturetrip.com/middle-east/lebanon/articles/the-best-things-to-see-and-do-in-lebanon/,,,,,,,,
St. Lucia,https://www.thecrazytourist.com/15-best-things-st-lucia/,1. Climb the Gros Piton,2. Wonder at the Sulphur Springs,3. Bathe in the nearby mud pools,4. Stroll along Vigie Beach,https://cdn.thecrazytourist.com/wp-content/uploads/2016/08/Gros-Piton.jpg,https://cdn.thecrazytourist.com/wp-content/uploads/2016/08/Sulphur-Springs-St-Lucia.jpg,https://cdn.thecrazytourist.com/wp-content/uploads/2016/08/Sulphur-Springs-Mud-Bath-St-Lucia.jpg,https://cdn.thecrazytourist.com/wp-content/uploads/2016/08/Vigie-Beach-St-Lucia.jpg
Sri Lanka,https://www.planetware.com/sri-lanka/best-places-to-visit-in-sri-lanka-sri-1-2.htm,1. Colombo,2. Kandy,3. Udawalawe National Park,4. Galle,https://www.planetware.com/wpimages/2020/01/sri-lanka-best-places-to-visit-colombo.jpg,https://www.planetware.com/wpimages/2020/01/sri-lanka-best-places-to-visit-kandy.jpg,https://www.planetware.com/wpimages/2020/01/sri-lanka-best-places-to-visit-udawalawe-national-park.jpg,https://www.planetware.com/wpimages/2020/01/sri-lanka-best-places-to-visit-galle.jpg
Lesotho,https://www.thecrazytourist.com/15-best-places-visit-lesotho/,1. Tsehlanyane National Park,2. Maseru,3. Semonkong,4. Katse Dam,https://cdn.thecrazytourist.com/wp-content/uploads/2017/01/Tsehlanyane-National-Park.jpg,https://cdn.thecrazytourist.com/wp-content/uploads/2017/01/Maseru.jpg,https://cdn.thecrazytourist.com/wp-content/uploads/2017/01/Semonkong.jpg,https://cdn.thecrazytourist.com/wp-content/uploads/2017/01/Katse-Dam.jpg
Luxembourg,https://www.thecrazytourist.com/25-best-things-luxembourg/,1. Wander around the Old Quarter,2. Visit Notre Dame Cathedral,3. Admire the National Museum of History and Art,4. Stroll around Parc Merveilleux,https://cdn.thecrazytourist.com/wp-content/uploads/2022/04/ccimage-shutterstock_515555533.jpg,https://cdn.thecrazytourist.com/wp-content/uploads/2022/04/ccimage-shutterstock_1256459863.jpg,https://cdn.thecrazytourist.com/wp-content/uploads/2022/04/ccimage-shutterstock_1388695886.jpg,https://cdn.thecrazytourist.com/wp-content/uploads/2022/04/ccimage-shutterstock_256777171.jpg
Latvia,https://www.thecrazytourist.com/25-best-things-latvia/,1. Go for a walk at Town Hall Square,2. Explore the Seaside Open Air Museum in Ventspils,3. Walk down Jauniela,4. Brave the Naval Port Prison,https://cdn.thecrazytourist.com/wp-content/uploads/2017/07/Town-Hall-Square-.jpg,https://cdn.thecrazytourist.com/wp-content/uploads/2017/07/Seaside-Open-Air-Museum.jpg,https://cdn.thecrazytourist.com/wp-content/uploads/2017/07/Jauniela.jpg,https://cdn.thecrazytourist.com/wp-content/uploads/2017/07/Naval-Port-Prison-1024x564.jpg
"Macao SAR, China",https://www.planetware.com/tourist-attractions/macao-macau-mco.htm,1. Visit the Ruins of St. Paul's,2. Stroll through Senado Square,3. A-Ma Temple,4. Fortaleza do Monte: Home of the Macau Museum,https://www.planetware.com/wpimages/2018/11/Macau-attractions-things-to-do-street-scene.jpg,https://www.planetware.com/wpimages/2018/11/macau-attractions-things-to-do-st-pauls-ruins-and-people.jpg,https://www.planetware.com/wpimages/2018/11/Macau-attractions-things-to-do-senado-square-day.jpg,https://www.planetware.com/wpimages/2018/11/macau-attractions-things-to-do-a-ma-temple-and-women.jpg
Morocco,https://www.thecrazytourist.com/15-best-places-visit-morocco/,1. Fez,2. Marrakech,3. Casablanca,4. Meknes,https://cdn.thecrazytourist.com/wp-content/uploads/2016/10/Fez-Morocco.jpg,https://cdn.thecrazytourist.com/wp-content/uploads/2016/10/Marrakech.jpg,https://cdn.thecrazytourist.com/wp-content/uploads/2016/10/Casablanca.jpg,https://cdn.thecrazytourist.com/wp-content/uploads/2016/10/Meknes.jpg
Monaco,https://www.thecrazytourist.com/25-best-things-monaco/,1. Tour the Palais du Prince,2. Visit the Monte Carlo Casino,3. Visit the Musée Oceanographique,4. Walk around Jardin Exotique,https://cdn.thecrazytourist.com/wp-content/uploads/2017/07/Palais-du-Prince.jpg,https://cdn.thecrazytourist.com/wp-content/uploads/2017/07/Monte-Carlo-Casino.jpg,https://cdn.thecrazytourist.com/wp-content/uploads/2017/07/Mus%C3%A9e-Oceanographique.jpg,https://cdn.thecrazytourist.com/wp-content/uploads/2017/07/Jardin-Exotique.jpg
Moldova,https://www.thecrazytourist.com/15-best-places-visit-moldova/,1. Chisinau,2. Orheiul Vechi,3. Cricova Winery,4. Tipova Monastery,https://cdn.thecrazytourist.com/wp-content/uploads/2016/04/Chisinau-Moldova.jpg,https://cdn.thecrazytourist.com/wp-content/uploads/2016/04/The-cross-of-Orheiul-Vechi-Moldova.jpg,https://cdn.thecrazytourist.com/wp-content/uploads/2016/04/Cricova-Winery-Moldova.jpg,https://cdn.thecrazytourist.com/wp-content/uploads/2016/04/Tipova-Monastery.jpg
Maldives,https://www.thecrazytourist.com/15-best-places-visit-maldives/,1. Male,2. Hulhumale Island,3. Maafushi,4. Utheemu,https://cdn.thecrazytourist.com/wp-content/uploads/2017/04/Islamic-Centre.jpg,https://cdn.thecrazytourist.com/wp-content/uploads/2017/04/Hulhumale-Island.jpg,https://cdn.thecrazytourist.com/wp-content/uploads/2017/04/Maafushi.jpg,https://cdn.thecrazytourist.com/wp-content/uploads/2017/04/Utheemu.jpg
Mexico,https://www.planetware.com/tourist-attractions/mexico-mex.htm,1. Cancún and the Mayan Riviera,2. Puerto Vallarta,3. Cabo San Lucas and the Los Cabos Corridor,4. Copper Canyon: Mexico's Grand Canyon,https://www.planetware.com/photos-large/MEX/mexico-top-places-cancun-mayan-riviera.jpg,https://www.planetware.com/photos-large/MEX/mexico-top-places-puerto-vallarta.jpg,https://www.planetware.com/photos-large/MEX/mexico-top-places-cabo-san-lucas.jpg,https://www.planetware.com/photos-large/MEX/mexico-top-places-copper-canyon.jpg
North Macedonia,https://www.thecrazytourist.com/15-best-places-visit-macedonia/,1. Skopje,2. Bitola,3. Prilep,4. Kruševo,https://cdn.thecrazytourist.com/wp-content/uploads/2016/03/Skopje-Macedonia.jpg,https://cdn.thecrazytourist.com/wp-content/uploads/2016/03/Bitola-Macedonia-1024x685.jpg,https://cdn.thecrazytourist.com/wp-content/uploads/2016/03/Monastery-of-St-Archangel-Michail-in-Varos-Prilep-Macedonia.jpg,https://cdn.thecrazytourist.com/wp-content/uploads/2016/03/Kru%C5%A1evo-Macedonia.jpg
Mali,https://www.thecrazytourist.com/15-best-places-visit-mali/,1. Timbuktu,2. Gao,3. Bamako,4. Djenné,https://cdn.thecrazytourist.com/wp-content/uploads/2016/11/Timbuktu.jpg,https://cdn.thecrazytourist.com/wp-content/uploads/2016/11/Gao-Mali.jpg,https://cdn.thecrazytourist.com/wp-content/uploads/2016/11/Bamako.jpg,https://cdn.thecrazytourist.com/wp-content/uploads/2016/11/Grand-Mosque-of-Djenne.jpg
Malta,https://www.thecrazytourist.com/25-best-things-malta/,1. Visit the old capital of Mdina,2. Take in the views from Upper Barrakka Gardens,3. Dive beneath the seas at the HMS Maori,4. Delve into the Lascaris War Rooms,https://cdn.thecrazytourist.com/wp-content/uploads/2017/07/old-capital-of-Mdina.jpg,https://cdn.thecrazytourist.com/wp-content/uploads/2017/07/Upper-Barrakka-Gardens.jpg,https://cdn.thecrazytourist.com/wp-content/uploads/2017/07/HMS-Maori.jpg,https://cdn.thecrazytourist.com/wp-content/uploads/2017/07/Lascaris-War-Rooms.jpg
Myanmar,https://www.thecrazytourist.com/15-best-places-visit-myanmar/,1. Bagan,2. Yangon,3. Kalaw,4. Mandalay,https://cdn.thecrazytourist.com/wp-content/uploads/2017/02/Bagan.jpg,https://cdn.thecrazytourist.com/wp-content/uploads/2017/02/Shwedagon-Pagoda.jpg,https://cdn.thecrazytourist.com/wp-content/uploads/2017/02/Kalaw.jpg,https://cdn.thecrazytourist.com/wp-content/uploads/2017/02/Shwenandaw-Monastery-.jpg
Mongolia,https://www.thecrazytourist.com/15-best-places-visit-mongolia/,1. Karakorum,2. Terelj National Park,3. Lake Khovsgol,4. Altai Tavan Bogd National Park,https://cdn.thecrazytourist.com/wp-content/uploads/2017/04/Karakorum.jpg,https://cdn.thecrazytourist.com/wp-content/uploads/2017/04/Terelj-National-Park.jpg,https://cdn.thecrazytourist.com/wp-content/uploads/2017/04/Lake-Khovsgol.jpg,https://cdn.thecrazytourist.com/wp-content/uploads/2017/04/Altai-Tavan-Bogd-National-Park.jpg
Northern Mariana Islands,,,,,,,,,
Mauritius,https://www.thecrazytourist.com/15-best-places-visit-mauritius/,1. Grand Bassin,2. Sir Seewoosagur Ramgoolam Botanical Gardens,3. Pointe d’Esny and Blue Bay,4. Black River Gorges National Park,https://cdn.thecrazytourist.com/wp-content/uploads/2016/04/Hindu-gods-at-Grand-Bassin-Mauritius.jpg,https://cdn.thecrazytourist.com/wp-content/uploads/2016/04/Sir-Seewoosagur-Ramgoolam-Botanical-Gardens.jpg,https://cdn.thecrazytourist.com/wp-content/uploads/2016/04/Pointe-dEsny.jpg,https://cdn.thecrazytourist.com/wp-content/uploads/2016/04/Black-River-Gorges-National-Park.jpg
Malawi,https://www.thecrazytourist.com/15-best-places-visit-malawi/,1. Liwonde National Park,2. Blantyre,3. Kasungu National Park,4. Lilongwe,https://cdn.thecrazytourist.com/wp-content/uploads/2017/01/Liwonde-National-Park.jpg,https://cdn.thecrazytourist.com/wp-content/uploads/2017/01/school-in-Blantyre.jpg,https://cdn.thecrazytourist.com/wp-content/uploads/2017/01/Kasungu-National-Park.jpg,https://cdn.thecrazytourist.com/wp-content/uploads/2017/01/Lilongwe.jpg
Malaysia,https://www.thecrazytourist.com/top-25-things-to-do-in-malaysia/,1. Visit the PETRONAS Towers in Kuala Lumpur,2. Sunbathe on Langkawi,3. Sample some local flavor with Nasi Kandar,4. Get out of town at Tunku Abdul Rahman National Park,https://cdn.thecrazytourist.com/wp-content/uploads/2018/08/ccimage-shutterstock_571221049.jpg,https://cdn.thecrazytourist.com/wp-content/uploads/2018/08/ccimage-shutterstock_600764249.jpg,https://cdn.thecrazytourist.com/wp-content/uploads/2018/08/ccimage-shutterstock_762049933.jpg,https://cdn.thecrazytourist.com/wp-content/uploads/2018/08/ccimage-shutterstock_616360880.jpg
Namibia,https://www.thecrazytourist.com/15-best-places-visit-namibia/,1. Etosha National Park,2. Sossusvlei,3. Kaokoland,4. Swakopmund,https://cdn.thecrazytourist.com/wp-content/uploads/2017/02/Etosha-National-Park.jpg,https://cdn.thecrazytourist.com/wp-content/uploads/2017/02/Sossusvlei.jpg,https://cdn.thecrazytourist.com/wp-content/uploads/2017/02/Himba-woman-in-Kaokoland.jpg,https://cdn.thecrazytourist.com/wp-content/uploads/2017/02/Swakopmund.jpg
New Caledonia,https://theculturetrip.com/pacific/new-caledonia/articles/things-to-do-and-see-in-noumea-and-new-caledonia/,,,,,,,,
Niger,https://www.thecrazytourist.com/15-best-places-visit-niger/,1. Zinder,2. Niamey,3. Agadez,4. W National Park,https://cdn.thecrazytourist.com/wp-content/uploads/2017/01/Zinder-1024x681.jpg,https://cdn.thecrazytourist.com/wp-content/uploads/2017/01/Niamey.jpg,https://cdn.thecrazytourist.com/wp-content/uploads/2017/01/Agadez.jpg,https://cdn.thecrazytourist.com/wp-content/uploads/2017/01/W-National-Park.jpg
Nicaragua,https://www.planetware.com/nicaragua/top-rated-attractions-things-to-do-in-nicaragua-nic-1-3.htm,1. Islets of Granada,2. Corn Islands,3. Masaya Volcano,4. Cerro Negro,https://www.planetware.com/wpimages/2020/06/nicaragua-top-attractions-islets-of-granada.jpg,https://www.planetware.com/wpimages/2020/06/nicaragua-top-attractions-corn-islands.jpg,https://www.planetware.com/wpimages/2020/06/nicaragua-top-attractions-masaya-volcano.jpg,https://www.planetware.com/wpimages/2020/06/nicaragua-top-attractions-cerro-negro.jpg
Netherlands,https://www.thecrazytourist.com/25-best-things-netherlands/,1. Explore the Canals of Amsterdam,2. Visit Zaanse Schans,3. Stroll around the Garden of Europe,4. Admire Grote Kerk,https://cdn.thecrazytourist.com/wp-content/uploads/2017/07/Canals-of-Amsterdam.jpg,https://cdn.thecrazytourist.com/wp-content/uploads/2017/07/Zaanse-Schans.jpg,https://cdn.thecrazytourist.com/wp-content/uploads/2017/07/Keukenhof.jpg,https://cdn.thecrazytourist.com/wp-content/uploads/2017/07/Grote-Kerk.jpg
Norway,https://www.thecrazytourist.com/25-best-things-norway/,1. Take a train journey,2. Explore Mount Floyen,3. Visit Oslo Cathedral,4. Take a ferry,https://cdn.thecrazytourist.com/wp-content/uploads/2017/07/Bergen-Railway-.jpg,https://cdn.thecrazytourist.com/wp-content/uploads/2017/07/Mount-Floyen.jpg,https://cdn.thecrazytourist.com/wp-content/uploads/2017/07/Oslo-Cathedral.jpg,https://cdn.thecrazytourist.com/wp-content/uploads/2017/07/Hurtigruten-ferry-.jpg
Nepal,https://www.planetware.com/tourist-attractions/nepal-nep.htm,1. Kathmandu,2. Bhaktapur,3. Boudhanath Stupa (Bodhnath),4. Pokhara,https://www.planetware.com/photos-large/NEP/nepal-kathmandu-city-view.jpg,https://www.planetware.com/i/map/NEP/kathmandu-city-map.jpg,https://www.planetware.com/i/map/NEP/kathmandu-valley-map.jpg,https://www.planetware.com/photos-large/NEP/nepal-bhaktapur-durbar-square.jpg
New Zealand,https://www.thecrazytourist.com/top-25-things-to-do-in-new-zealand/,1. Take a Lord of the Rings tour,2. Dip with the dolphins in the Bay of Islands,3. Visit Waiheke Island,4. Discover the wonder of Waitomo,https://cdn.thecrazytourist.com/wp-content/uploads/2018/07/ccimage-shutterstock_714806110.jpg,https://cdn.thecrazytourist.com/wp-content/uploads/2018/07/ccimage-shutterstock_515378599.jpg,https://cdn.thecrazytourist.com/wp-content/uploads/2018/07/ccimage-shutterstock_172736918.jpg,https://cdn.thecrazytourist.com/wp-content/uploads/2018/07/ccimage-shutterstock_1074829523.jpg
Panama,https://www.planetware.com/panama/top-rated-attractions-things-to-do-in-panama-crc-1-3.htm,1. See Ships Transiting through the Panama Canal,"2. Surf, Dive & Soak up the Beaches of Bocas Del Toro",3. Watch the Sun Go Down on the Sunset Coast,4. Hiking & Nature in Boquete,https://www.planetware.com/wpimages/2019/04/panama-country-attractions-things-to-do-canal-and-ships.jpg,https://www.planetware.com/wpimages/2019/04/panama-country-attractions-things-to-do-bocas-del-toro-town-dock.jpg,https://www.planetware.com/wpimages/2021/05/panama-country-attractions-things-to-do-bocas-del-toro-beach.jpg,https://www.planetware.com/wpimages/2019/04/panama-country-attractions-things-to-do-sunset-coast-punta-duarte.jpg
Philippines,https://www.thecrazytourist.com/top-25-things-to-do-in-the-philippines/,1. Chill Out For A Few Days In Boracay,2. See The Beauty Of The Banaue Rice Terraces,3. Marvel At The Wonder Of San Agustin Church,4. See The Active Mayon Volcano,https://cdn.thecrazytourist.com/wp-content/uploads/2022/04/ccimage-shutterstock_1741828760.jpg,https://cdn.thecrazytourist.com/wp-content/uploads/2022/04/ccimage-shutterstock_260006744.jpg,https://cdn.thecrazytourist.com/wp-content/uploads/2022/04/ccimage-shutterstock_1482834080.jpg,https://cdn.thecrazytourist.com/wp-content/uploads/2022/04/ccimage-shutterstock_551532385.jpg
Palau,,,,,,,,,
Poland,https://www.thecrazytourist.com/15-best-places-to-visit-in-poland/,1. Wroclaw,2. Warsaw,3. Gdansk,4. Gdynia,https://cdn.thecrazytourist.com/wp-content/uploads/2016/03/Wroclaw-Poland.jpg,https://cdn.thecrazytourist.com/wp-content/uploads/2016/03/Warsaw-Poland.jpg,https://cdn.thecrazytourist.com/wp-content/uploads/2016/03/Gdansk-Poland.jpg,https://cdn.thecrazytourist.com/wp-content/uploads/2016/03/Gdynia-Poland.jpg
Puerto Rico,https://www.planetware.com/tourist-attractions/puerto-rico-pr.htm,1. Old San Juan (San Juan Viejo),2. El Morro Fort (Fuerte San Felipe del Morro),3. Castillo de San Cristóbal,4. El Yunque National Forest,https://www.planetware.com/photos-large/PR/puerto%20rico-san-juan-overview-and-fort.jpg,https://www.planetware.com/photos-large/PR/puerto-rico-old-san-juan-street.jpg,https://www.planetware.com/wpimages/2022/04/puerto-rico-top-attractions-el-morro-fort-aerial.jpg,https://www.planetware.com/wpimages/2022/04/puerto-rico-top-attractions-castillo-de-san-cristobal.jpg
Portugal,https://www.thecrazytourist.com/25-best-things-portugal/,1. Visit the Mosteiro dos Jeronimos,2. Marvel at the Oceanario de Lisboa,3. Visit Palacio Nacional de Sintra,4. Sunbathe on Matosinhos Beach,https://cdn.thecrazytourist.com/wp-content/uploads/2017/07/Mosteiro-dos-Jeronimos-1024x654.jpg,https://cdn.thecrazytourist.com/wp-content/uploads/2017/07/Oceanario-de-Lisboa.jpg,https://cdn.thecrazytourist.com/wp-content/uploads/2017/07/Palacio-Nacional-de-Sintra-1024x768.jpg,https://cdn.thecrazytourist.com/wp-content/uploads/2017/07/Matosinhos-Beach-1.jpg
Paraguay,https://www.thecrazytourist.com/15-best-places-visit-paraguay/,1. Asuncion,2. Encarnacion,3. Cerro Cora National Park,4. Ciudad del Este,https://cdn.thecrazytourist.com/wp-content/uploads/2016/08/Asuncion.jpg,https://cdn.thecrazytourist.com/wp-content/uploads/2016/08/Encarnacion.jpg,https://cdn.thecrazytourist.com/wp-content/uploads/2016/08/Cerro-Cora-National-Park.jpg,https://cdn.thecrazytourist.com/wp-content/uploads/2016/08/Ciudad-del-Este.jpg
Romania,https://www.thecrazytourist.com/15-best-places-visit-romania/,1. Bucharest,2. Brasov,3. Sibiu,4. Sighisoara,https://cdn.thecrazytourist.com/wp-content/uploads/2016/03/Bucharest-Romania-1024x735.jpg,https://cdn.thecrazytourist.com/wp-content/uploads/2016/03/Brasov-Romania.jpg,https://cdn.thecrazytourist.com/wp-content/uploads/2016/03/Sibiu-Romania.jpg,https://cdn.thecrazytourist.com/wp-content/uploads/2016/03/Sighisoara-Romania.jpg
Russian Federation,https://www.planetware.com/russia/best-places-to-visit-in-russia-r-1-2.htm,1. Lake Baikal,2. Moscow,3. St. Peterburg,4. Altai,https://www.planetware.com/wpimages/2019/10/russia-best-places-to-visit-lake-baikal.jpg,https://www.planetware.com/wpimages/2019/10/russia-best-places-to-visit-moscow.jpg,https://www.planetware.com/wpimages/2019/10/russia-best-places-to-visit-st-petersburg.jpg,https://www.planetware.com/wpimages/2019/10/russia-best-places-to-visit-altay.jpg
Sudan,https://www.thecrazytourist.com/15-best-places-visit-sudan/,1. Meroe,2. Suakin,3. Khartoum,4. Kerma,https://cdn.thecrazytourist.com/wp-content/uploads/2016/12/Meroe.jpg,https://cdn.thecrazytourist.com/wp-content/uploads/2017/01/Suakin.jpg,https://cdn.thecrazytourist.com/wp-content/uploads/2017/01/Khartoum.jpg,https://cdn.thecrazytourist.com/wp-content/uploads/2017/01/Kerma.jpg
Singapore,https://www.planetware.com/tourist-attractions/singapore-sin.htm,1. Marina Bay Sands,2. Gardens by the Bay,3. Botanic Gardens,4. Singapore Zoo,https://www.planetware.com/photos-large/SIN/singapore-marina-bay-sands.jpg,https://www.planetware.com/photos-large/SIN/singapore-gardens-by-the-bay.jpg,https://www.planetware.com/photos-large/SIN/singapore-botanic-gardens.jpg,https://www.planetware.com/photos-large/SIN/singapore-zoo.jpg
San Marino,https://www.thecrazytourist.com/15-best-places-visit-san-marino/,1. Rocca Guaita and Torre Cesta,2. Torre del Montale,3. Mount Titano,4. The Museums,https://cdn.thecrazytourist.com/wp-content/uploads/2016/04/Rocca-Guaita-and-Torre-Cesta-San-Marino-1024x563.jpg,https://cdn.thecrazytourist.com/wp-content/uploads/2016/04/Torre-del-Montale-San-Marino.jpg,https://cdn.thecrazytourist.com/wp-content/uploads/2016/04/Mount-Titano-San-Marino.jpg,https://cdn.thecrazytourist.com/wp-content/uploads/2016/04/Vampire-Museum-San-Marino.jpg
Slovenia,https://www.thecrazytourist.com/15-best-places-visit-slovenia/,1. Ljubljana,2. Bled,3. Škocjan Caves,4. Vogel,https://cdn.thecrazytourist.com/wp-content/uploads/2016/03/Ljubljana-Slovenia.jpg,https://cdn.thecrazytourist.com/wp-content/uploads/2016/03/Lake-Bled-Slovenia.jpg,https://cdn.thecrazytourist.com/wp-content/uploads/2016/03/%C5%A0kocjan-Caves-Slovenia.jpg,https://cdn.thecrazytourist.com/wp-content/uploads/2016/03/Vogel-Slovenia.jpg
Sweden,https://www.thecrazytourist.com/25-best-things-stockholm-sweden/,1. Gamla Stan,2. Skansen,3. Vasa Museum,4. Modern Art Museum,https://cdn.thecrazytourist.com/wp-content/uploads/2017/10/ccimage-shutterstock_133005938.jpg,https://cdn.thecrazytourist.com/wp-content/uploads/2017/10/ccimage-shutterstock_300297542.jpg,https://cdn.thecrazytourist.com/wp-content/uploads/2017/10/ccimage-shutterstock_114169396.jpg,https://cdn.thecrazytourist.com/wp-content/uploads/2017/10/ccimage-shutterstock_736303141.jpg
Eswatini,https://www.thecrazytourist.com/15-best-places-visit-swaziland/,1. Hlane Royal National Park,2. Lobamba,3. Mbuluzi Game Reserve,4. Mbabane,https://cdn.thecrazytourist.com/wp-content/uploads/2017/02/Hlane-Royal-National-Park.jpg,https://cdn.thecrazytourist.com/wp-content/uploads/2017/02/Lobamba.jpg,https://cdn.thecrazytourist.com/wp-content/uploads/2017/02/Mbuluzi-Game-Reserve-1024x683.jpg,https://cdn.thecrazytourist.com/wp-content/uploads/2017/02/Mbabane.jpg
Sint Maarten (Dutch part),https://www.thecrazytourist.com/15-best-things-st-martin/,1. Enjoy the views from Fort Louis,2. Macaws and iguanas at the St. Maarten Zoo,3. Hike to the summit of Pic Paradis,4. Conquer the ziplines of Loterie Farm,https://cdn.thecrazytourist.com/wp-content/uploads/2016/08/Fort-Louis-St-Martin.jpg,https://cdn.thecrazytourist.com/wp-content/uploads/2016/08/Iguana-at-St.-Maarten-Zoo.jpg,https://cdn.thecrazytourist.com/wp-content/uploads/2016/08/Pic-Paradis-Saint-Martin.jpg,https://cdn.thecrazytourist.com/wp-content/uploads/2016/08/Loterie-Farm-Zipline.jpg
Seychelles,https://www.thecrazytourist.com/15-best-places-visit-seychelles/,1. Beau Vallon,2. Silhouette Island,3. Victoria,4. Vallee de Mai National Park,https://cdn.thecrazytourist.com/wp-content/uploads/2017/01/Beau-Vallon.jpg,https://cdn.thecrazytourist.com/wp-content/uploads/2017/01/Silhouette-Island.jpg,https://cdn.thecrazytourist.com/wp-content/uploads/2017/01/Victoria.jpg,https://cdn.thecrazytourist.com/wp-content/uploads/2017/01/Vallee-de-Mai-National-Park-1024x683.jpg
Chad,https://www.thecrazytourist.com/14-best-places-visit-chad/,1. N’Djamena,2. Sarh,3. Faya-Largeau,4. Zakouma National Park,https://cdn.thecrazytourist.com/wp-content/uploads/2016/04/NDjamena-Djad.jpg,https://cdn.thecrazytourist.com/wp-content/uploads/2016/04/Sarh-Chad.jpg,https://cdn.thecrazytourist.com/wp-content/uploads/2016/04/Faya-Largeau-Chad.jpg,https://cdn.thecrazytourist.com/wp-content/uploads/2016/04/Zakouma-National-Park-1024x682.jpg
Togo,https://www.thecrazytourist.com/15-best-places-visit-togo/,1. Kpalime,2. Koutammakou,3. Lome,4. Togoville,https://cdn.thecrazytourist.com/wp-content/uploads/2017/02/Kpalime.jpg,https://cdn.thecrazytourist.com/wp-content/uploads/2017/02/Koutammakou.jpg,https://cdn.thecrazytourist.com/wp-content/uploads/2017/02/Lome.jpg,https://cdn.thecrazytourist.com/wp-content/uploads/2017/02/Togoville.jpg
Thailand,https://www.thecrazytourist.com/top-25-things-to-do-in-thailand/,1. Visit the Grand Palace,3. Have a Thai Massage,4. Visit The Damnoen Saduak Floating Market,5. Spend an Evening in Nana Plaza (Soi 4),https://cdn.thecrazytourist.com/wp-content/uploads/2018/07/ccimage-shutterstock_192689672.jpg,https://cdn.thecrazytourist.com/wp-content/uploads/2018/07/ccimage-shutterstock_430178062.jpg,https://cdn.thecrazytourist.com/wp-content/uploads/2017/11/ccimage-shutterstock_389485657.jpg,https://cdn.thecrazytourist.com/wp-content/uploads/2018/07/ccimage-shutterstock_283074926.jpg
Tonga,https://theculturetrip.com/pacific/tonga/articles/the-best-things-to-do-on-tongatapu-island-tongas-mainland/,,,,,,,,
Trinidad and Tobago,https://www.thecrazytourist.com/15-best-things-trinidad-tobago/,1. Tropical perfection at Pigeon Point Beach,2. Tour Port of Spain,3. See cannons and bulwarks at Fort King George,4. Explore the exhibitions at the Tobago Museum,https://cdn.thecrazytourist.com/wp-content/uploads/2016/09/Pigeon-Point-Beach.jpg,https://cdn.thecrazytourist.com/wp-content/uploads/2016/09/Port-of-Spain.jpg,https://cdn.thecrazytourist.com/wp-content/uploads/2016/09/Fort-King-George.jpg,https://cdn.thecrazytourist.com/wp-content/uploads/2016/09/Tobago-Museum-Scarborough.jpg
Tunisia,https://www.thecrazytourist.com/15-best-places-visit-tunisia/,1. El Djem,2. Houmt Souk,3. Sousse,4. Sidi Bou Said,https://cdn.thecrazytourist.com/wp-content/uploads/2017/03/El-Djem.jpg,https://cdn.thecrazytourist.com/wp-content/uploads/2017/03/Houmt-Souk.jpg,https://cdn.thecrazytourist.com/wp-content/uploads/2017/03/Sousse.jpg,https://cdn.thecrazytourist.com/wp-content/uploads/2017/03/Sidi-Bou-Said.jpg
Turkey,https://www.planetware.com/turkey/top-rated-things-to-do-tr-1-20.htm,1. Scrub Up in a Hammam (Turkish Bath),2. Hot-Air Ballooning over Cappadocia,3. Hike the Lycian Way,4. Explore Ephesus,https://www.planetware.com/wpimages/2020/08/turkey-top-things-to-do-scub-up-in-a-hamam-turkish-bath.jpg,https://www.planetware.com/wpimages/2020/08/turkey-top-things-to-do-hot-air-balloon-ride-over-cappadocia.jpg,https://www.planetware.com/wpimages/2020/08/turkey-top-things-to-do-hike-lycian-way.jpg,https://www.planetware.com/wpimages/2020/08/turkey-top-things-to-do-explore-ephesus.jpg
Tuvalu,,,,,,,,,
Tanzania,https://www.thecrazytourist.com/15-best-places-visit-tanzania/,1. Unguja,2. Mount Kilimanjaro National Park,3. Ruaha National Park,4. Ngorongoro Conservation Area,https://cdn.thecrazytourist.com/wp-content/uploads/2017/02/Unguja.jpg,https://cdn.thecrazytourist.com/wp-content/uploads/2017/02/Mount-Kilimanjaro-National-Park.jpg,https://cdn.thecrazytourist.com/wp-content/uploads/2017/02/Ruaha-National-Park.jpg,https://cdn.thecrazytourist.com/wp-content/uploads/2017/02/Ngorongoro-Conservation-Area.jpg
Uganda,https://www.thecrazytourist.com/15-best-places-visit-uganda/,1. Kampala,2. Kibale National Park,3. Ssese Islands,4. Bwindi Impenetrable National Park,https://cdn.thecrazytourist.com/wp-content/uploads/2017/03/Gaddafi-National-Mosque-.jpg,https://cdn.thecrazytourist.com/wp-content/uploads/2017/03/Kibale-National-Park.jpg,https://cdn.thecrazytourist.com/wp-content/uploads/2017/03/Ssese-Islands.jpg,https://cdn.thecrazytourist.com/wp-content/uploads/2017/03/Bwindi-Impenetrable-National-Park.jpg
Ukraine,https://www.thecrazytourist.com/15-best-places-visit-ukraine/,1. Odesa,2. Poltava,3. Myrhorod,4. Chernihiv,https://cdn.thecrazytourist.com/wp-content/uploads/2016/03/Odesa-Ukraine.jpg,https://cdn.thecrazytourist.com/wp-content/uploads/2016/03/Poltava-Ukrain.jpg,https://cdn.thecrazytourist.com/wp-content/uploads/2016/03/A-park-in-Myrhorod.jpg,https://cdn.thecrazytourist.com/wp-content/uploads/2016/03/Chernihiv-Ukraine.jpg
Uruguay,https://www.thecrazytourist.com/15-best-places-visit-uruguay/,1. Montevideo,2. Salto,3. Paysandú,4. Carmelo,https://cdn.thecrazytourist.com/wp-content/uploads/2016/04/Montevideo-Uruguay-1024x686.jpg,https://cdn.thecrazytourist.com/wp-content/uploads/2016/04/Itaipu-Dam.jpg,https://cdn.thecrazytourist.com/wp-content/uploads/2016/04/Paysand%C3%BA-1024x768.jpg,https://cdn.thecrazytourist.com/wp-content/uploads/2016/04/Carmelo-Uruguay.jpg
United States,https://www.planetware.com/usa/best-places-to-visit-in-the-united-states-us-ny-21.htm,1. New York,2. San Francisco,3. The Grand Canyon,4. Houston,https://www.planetware.com/photos-large/USNY/usa-best-places-new-york.jpg,https://www.planetware.com/photos-large/USNY/usa-best-places-san-francisco.jpg,https://www.planetware.com/wpimages/2019/08/united-states-best-places-to-visit-grand-canyon-lookout.jpg,https://www.planetware.com/wpimages/2019/08/united-states-best-places-to-visit-houston-skyline.jpg
Uzbekistan,,,,,,,,,
St. Vincent and the Grenadines,https://www.thecrazytourist.com/15-best-things-st-vincent-grenadines/,1. Go diving in the Tobago Cays,2. Anchor up in Bequia,3. St Vincent Botanical Gardens: fauna and flora galore,4. Wander through history in Kingstown,https://cdn.thecrazytourist.com/wp-content/uploads/2016/08/Tobago-Cays.jpg,https://cdn.thecrazytourist.com/wp-content/uploads/2016/08/Bequia.jpg,https://cdn.thecrazytourist.com/wp-content/uploads/2016/08/St-Vincent-Botanical-Gardens.jpg,https://cdn.thecrazytourist.com/wp-content/uploads/2016/08/Kingstown.jpg
British Virgin Islands,https://www.thecrazytourist.com/15-best-things-british-virgin-islands/,1. Bathe in The Baths,2. Sail across to Anegada Island,3. Hit the trails at Gorda Peak National Park,4. Head down to Smuggler’s Cove,https://cdn.thecrazytourist.com/wp-content/uploads/2016/08/The-Baths-at-Virgin-Gorda-BVI.jpg,https://cdn.thecrazytourist.com/wp-content/uploads/2016/08/Anegada-Island.jpg,https://cdn.thecrazytourist.com/wp-content/uploads/2016/08/View-from-Gorda-Peak-National-Park-Observation-Tower.jpg,https://cdn.thecrazytourist.com/wp-content/uploads/2016/08/Smugglers-Cove.jpg
Virgin Islands (U.S.),https://www.thecrazytourist.com/15-best-things-us-virgin-islands/,1. Shiver me’ timbers at Blackbeard’s Castle,2. Walk through history on Hassel Island,3. Wake up on the edge of Cinnamon Bay,4. Go wild at the Coral World Ocean Park,https://cdn.thecrazytourist.com/wp-content/uploads/2016/08/Blackbeard%E2%80%99s-Castle.jpg,https://cdn.thecrazytourist.com/wp-content/uploads/2016/08/Hassel-Island.jpg,https://cdn.thecrazytourist.com/wp-content/uploads/2016/08/Cinnamon-Bay.jpg,https://cdn.thecrazytourist.com/wp-content/uploads/2016/08/Coral-World-Ocean-Park.jpg
Vietnam,https://www.planetware.com/tourist-attractions/vietnam-vie.htm,1. Halong Bay,2. Ho Chi Minh City,3. Hue,4. Phong Nha-Ke Bang National Park,https://www.planetware.com/photos-large/VIE/vietnam-halong-bay.jpg,https://www.planetware.com/wpimages/2020/04/vietnam-best-places-to-visit-ho-chi-minh-city.jpg,https://www.planetware.com/photos-large/VIE/vietnam-hue-imperial-palace-gate.jpg,https://www.planetware.com/photos-large/VIE/vietnam-phong-nha-ke-bang-national-park-cave.jpg
Vanuatu,https://theculturetrip.com/pacific/vanuatu/articles/the-best-things-to-see-and-do-in-vanuatu/,,,,,,,,
South Africa,https://www.thecrazytourist.com/15-best-places-visit-south-africa/,1. Bloemfontein,2. Cape Town,3. Durban,4. Johannesburg,https://cdn.thecrazytourist.com/wp-content/uploads/2016/04/Bloemfontein-Free-State-South-Africa.jpg,https://cdn.thecrazytourist.com/wp-content/uploads/2016/04/Cape-Town-1024x571.jpeg,https://cdn.thecrazytourist.com/wp-content/uploads/2016/04/Durban-South-Africa-1024x597.jpg,https://cdn.thecrazytourist.com/wp-content/uploads/2016/04/Comaro-Street-Johannesburg.jpg
Zambia,https://www.thecrazytourist.com/15-best-places-visit-zambia/,1. Siavonga,2. Mosi-oa-Tunya National Park,3. Kasanka National Park,4. Kitwe,https://cdn.thecrazytourist.com/wp-content/uploads/2017/02/Lake-Kariba-.jpg,https://cdn.thecrazytourist.com/wp-content/uploads/2017/02/Mosi-oa-Tunya-National-Park.jpg,https://cdn.thecrazytourist.com/wp-content/uploads/2017/02/Kasanka-National-Park.jpg,https://cdn.thecrazytourist.com/wp-content/uploads/2017/02/Kitwe-1024x436.jpg
Zimbabwe,https://www.thecrazytourist.com/15-best-places-visit-zimbabwe/,1. Victoria Falls,2. Harare,3. Bulawayo,4. Matobo National Park,https://cdn.thecrazytourist.com/wp-content/uploads/2017/02/Victoria-Falls.jpg,https://cdn.thecrazytourist.com/wp-content/uploads/2017/02/Harare.jpg,https://cdn.thecrazytourist.com/wp-content/uploads/2017/02/Bulawayo.jpg,https://cdn.thecrazytourist.com/wp-content/uploads/2017/02/Matobo-National-Park.jpg
