Country Name,URL
Aruba,https://www.thecrazytourist.com/15-best-things-aruba/
Angola,https://www.thecrazytourist.com/15-best-places-to-visit-in-angola/
Albania,https://www.thecrazytourist.com/15-best-places-to-visit-in-albania/
Argentina,https://www.thecrazytourist.com/15-best-places-visit-argentina/
Armenia,https://www.thecrazytourist.com/15-best-places-to-visit-in-armenia/
Antigua and Barbuda,https://www.thecrazytourist.com/15-best-things-antigua-barbuda/
Australia,https://www.thecrazytourist.com/15-best-places-visit-australia/
Austria,https://www.thecrazytourist.com/25-best-things-austria/
Azerbaijan,https://www.thecrazytourist.com/15-best-places-visit-azerbaijan/
Belgium,https://www.thecrazytourist.com/top-25-things-to-do-in-belgium/
Burkina Faso,https://www.thecrazytourist.com/15-best-places-to-visit-in-burkina-faso/
Bangladesh,https://www.thecrazytourist.com/15-best-places-visit-bangladesh/
Bulgaria,https://www.thecrazytourist.com/15-best-places-visit-bulgaria/
Bahrain,https://www.thecrazytourist.com/15-best-places-visit-bahrain/
"Bahamas, The",https://www.thecrazytourist.com/15-best-things-bahamas/
Bosnia and Herzegovina,https://www.thecrazytourist.com/15-best-places-visit-bosnia-herzegovina/
Belize,https://www.planetware.com/tourist-attractions/belize-biz.htm
Bermuda,https://www.thecrazytourist.com/15-best-things-bermuda/
Bolivia,https://theculturetrip.com/south-america/bolivia/articles/20-must-visit-attractions-in-bolivia/
Brazil,https://www.thecrazytourist.com/15-best-places-visit-brazil/
Barbados,https://www.thecrazytourist.com/15-best-things-barbados/
Bhutan,https://www.thecrazytourist.com/15-best-places-visit-bhutan/
Central African Republic,https://www.thecrazytourist.com/15-best-places-visit-central-african-republic/
Canada,https://www.thecrazytourist.com/top-25-things-to-do-and-see-in-canada/
China,https://www.thecrazytourist.com/15-best-places-visit-china/
Colombia,https://www.planetware.com/tourist-attractions/colombia-col.htm
Comoros,https://www.thecrazytourist.com/10-best-places-visit-comoros/
Cabo Verde,https://www.thecrazytourist.com/15-best-places-visit-cape-verde/
Costa Rica,https://www.planetware.com/tourist-attractions/costa-rica-crc.htm
Cuba,https://www.thecrazytourist.com/15-best-things-cuba/
Curacao,https://www.thecrazytourist.com/15-best-things-curacao/
Cayman Islands,https://www.thecrazytourist.com/15-best-things-cayman-islands/
Cyprus,https://www.thecrazytourist.com/15-best-places-visit-cyprus/
Germany,https://www.thecrazytourist.com/top-25-things-to-do-in-germany/
Dominica,https://www.planetware.com/tourist-attractions/dominica-dmn.htm
Dominican Republic,https://www.thecrazytourist.com/15-best-things-dominican-republic/
Algeria,https://www.thecrazytourist.com/15-best-places-to-visit-in-algeria/
Ecuador,https://www.thecrazytourist.com/15-best-places-visit-ecuador/
"Egypt, Arab Rep.",https://www.planetware.com/tourist-attractions/egypt-egy.htm
Spain,https://www.thecrazytourist.com/top-25-things-to-do-in-spain/
Ethiopia,https://www.thecrazytourist.com/15-best-places-visit-ethiopia/
Finland,https://www.thecrazytourist.com/25-best-things-finland/
Fiji,https://www.planetware.com/tourist-attractions/fiji-fj.htm
United Kingdom,https://www.thecrazytourist.com/the-top-25-things-to-do-in-england/
Georgia,https://www.thecrazytourist.com/top-25-things-to-do-in-georgia/
"Gambia, The",https://www.thecrazytourist.com/15-best-places-visit-gambia/
Grenada,https://www.thecrazytourist.com/15-best-things-grenada/
Guatemala,https://www.planetware.com/tourist-attractions/guatemala-gua.htm
Guam,https://theculturetrip.com/pacific/guam/articles/the-top-10-things-to-see-and-do-in-guam/
Guyana,https://www.thecrazytourist.com/15-best-places-visit-guyana/
"Hong Kong SAR, China",https://www.planetware.com/tourist-attractions/hong-kong-hk.htm
Honduras,https://www.planetware.com/tourist-attractions/honduras-hon.htm
Croatia,https://www.thecrazytourist.com/15-best-places-visit-croatia/
Haiti,https://www.thecrazytourist.com/15-best-things-haiti/
Hungary,https://www.thecrazytourist.com/25-best-things-hungary/
Indonesia,https://www.thecrazytourist.com/top-25-things-to-do-in-indonesia/
India,https://www.planetware.com/india/best-places-to-visit-in-india-ind-1-26.htm
Ireland,https://www.thecrazytourist.com/top-25-things-to-do-in-ireland/
"Iran, Islamic Rep.",https://www.thecrazytourist.com/15-best-places-visit-iran/
Iceland,https://www.thecrazytourist.com/25-best-things-iceland/
Israel,https://www.planetware.com/tourist-attractions/israel-isr.htm
Italy,https://www.thecrazytourist.com/25-best-things-italy/
Jamaica,https://www.thecrazytourist.com/15-best-things-jamaica/
Jordan,https://www.thecrazytourist.com/15-best-places-visit-jordan/
Japan,https://www.planetware.com/tourist-attractions/japan-jpn.htm
Kazakhstan,
Kenya,https://www.thecrazytourist.com/15-best-places-visit-kenya/
Cambodia,https://www.thecrazytourist.com/15-best-places-visit-cambodia/
St. Kitts and Nevis,https://www.thecrazytourist.com/15-best-things-st-kitts-nevis/
"Korea, Rep.",https://www.planetware.com/south-korea/top-rated-tourist-attractions-in-south-korea-kor-1-4.htm
Kuwait,
Lao PDR,https://www.thecrazytourist.com/15-best-places-visit-laos/
Lebanon,https://theculturetrip.com/middle-east/lebanon/articles/the-best-things-to-see-and-do-in-lebanon/
St. Lucia,https://www.thecrazytourist.com/15-best-things-st-lucia/
Sri Lanka,https://www.planetware.com/sri-lanka/best-places-to-visit-in-sri-lanka-sri-1-2.htm
Lesotho,https://www.thecrazytourist.com/15-best-places-visit-lesotho/
Luxembourg,https://www.thecrazytourist.com/25-best-things-luxembourg/
Latvia,https://www.thecrazytourist.com/25-best-things-latvia/
"Macao SAR, China",https://www.planetware.com/tourist-attractions/macao-macau-mco.htm
Morocco,https://www.thecrazytourist.com/15-best-places-visit-morocco/
Monaco,https://www.thecrazytourist.com/25-best-things-monaco/
Moldova,https://www.thecrazytourist.com/15-best-places-visit-moldova/
Maldives,https://www.thecrazytourist.com/15-best-places-visit-maldives/
Mexico,https://www.planetware.com/tourist-attractions/mexico-mex.htm
North Macedonia,https://www.thecrazytourist.com/15-best-places-visit-macedonia/
Mali,https://www.thecrazytourist.com/15-best-places-visit-mali/
Malta,https://www.thecrazytourist.com/25-best-things-malta/
Myanmar,https://www.thecrazytourist.com/15-best-places-visit-myanmar/
Mongolia,https://www.thecrazytourist.com/15-best-places-visit-mongolia/
Northern Mariana Islands,
Mauritius,https://www.thecrazytourist.com/15-best-places-visit-mauritius/
Malawi,https://www.thecrazytourist.com/15-best-places-visit-malawi/
Malaysia,https://www.thecrazytourist.com/top-25-things-to-do-in-malaysia/
Namibia,https://www.thecrazytourist.com/15-best-places-visit-namibia/
New Caledonia,https://theculturetrip.com/pacific/new-caledonia/articles/things-to-do-and-see-in-noumea-and-new-caledonia/
Niger,https://www.thecrazytourist.com/15-best-places-visit-niger/
Nicaragua,https://www.planetware.com/nicaragua/top-rated-attractions-things-to-do-in-nicaragua-nic-1-3.htm
Netherlands,https://www.thecrazytourist.com/25-best-things-netherlands/
Norway,https://www.thecrazytourist.com/25-best-things-norway/
Nepal,https://www.planetware.com/tourist-attractions/nepal-nep.htm
New Zealand,https://www.thecrazytourist.com/top-25-things-to-do-in-new-zealand/
Panama,https://www.planetware.com/panama/top-rated-attractions-things-to-do-in-panama-crc-1-3.htm
Philippines,https://www.thecrazytourist.com/top-25-things-to-do-in-the-philippines/
Palau,
Poland,https://www.thecrazytourist.com/15-best-places-to-visit-in-poland/
Puerto Rico,https://www.planetware.com/tourist-attractions/puerto-rico-pr.htm
Portugal,https://www.thecrazytourist.com/25-best-things-portugal/
Paraguay,https://www.thecrazytourist.com/15-best-places-visit-paraguay/
Romania,https://www.thecrazytourist.com/15-best-places-visit-romania/
Russian Federation,https://www.planetware.com/russia/best-places-to-visit-in-russia-r-1-2.htm
Sudan,https://www.thecrazytourist.com/15-best-places-visit-sudan/
Singapore,https://www.planetware.com/tourist-attractions/singapore-sin.htm
San Marino,https://www.thecrazytourist.com/15-best-places-visit-san-marino/
Slovenia,https://www.thecrazytourist.com/15-best-places-visit-slovenia/
Sweden,https://www.thecrazytourist.com/25-best-things-stockholm-sweden/
Eswatini,https://www.thecrazytourist.com/15-best-places-visit-swaziland/
Sint Maarten (Dutch part),https://www.thecrazytourist.com/15-best-things-st-martin/
Seychelles,https://www.thecrazytourist.com/15-best-places-visit-seychelles/
Chad,https://www.thecrazytourist.com/14-best-places-visit-chad/
Togo,https://www.thecrazytourist.com/15-best-places-visit-togo/
Thailand,https://www.thecrazytourist.com/top-25-things-to-do-in-thailand/
Tonga,https://theculturetrip.com/pacific/tonga/articles/the-best-things-to-do-on-tongatapu-island-tongas-mainland/
Trinidad and Tobago,https://www.thecrazytourist.com/15-best-things-trinidad-tobago/
Tunisia,https://www.thecrazytourist.com/15-best-places-visit-tunisia/
Turkey,https://www.planetware.com/turkey/top-rated-things-to-do-tr-1-20.htm
Tuvalu,
Tanzania,https://www.thecrazytourist.com/15-best-places-visit-tanzania/
Uganda,https://www.thecrazytourist.com/15-best-places-visit-uganda/
Ukraine,https://www.thecrazytourist.com/15-best-places-visit-ukraine/
Uruguay,https://www.thecrazytourist.com/15-best-places-visit-uruguay/
United States,https://www.planetware.com/usa/best-places-to-visit-in-the-united-states-us-ny-21.htm
Uzbekistan,
St. Vincent and the Grenadines,https://www.thecrazytourist.com/15-best-things-st-vincent-grenadines/
British Virgin Islands,https://www.thecrazytourist.com/15-best-things-british-virgin-islands/
Virgin Islands (U.S.),https://www.thecrazytourist.com/15-best-things-us-virgin-islands/
Vietnam,https://www.planetware.com/tourist-attractions/vietnam-vie.htm
Vanuatu,
South Africa,https://www.thecrazytourist.com/15-best-places-visit-south-africa/
Zambia,https://www.thecrazytourist.com/15-best-places-visit-zambia/
Zimbabwe,https://www.thecrazytourist.com/15-best-places-visit-zimbabwe/
